EC,degree_activated,Activators,subs,prod,genes,count_rxn,essentiality,essential_prod,rxnShortPath
EC_1.4.1.2,28,C00002|C00008|C00020|C00027|C00037|C00038|C00041|C00047|C00049|C00062|C00064|C00065|C00073|C00078|C00079|C00082|C00086|C00097|C00101|C00116|C00123|C00135|C00152|C00183|C00188|C00311|C00360|C00407,C00001|C00025|C00003,C00026|C01342|C00080|C00004,YDL215C,1,0,4,NA
EC_2.7.1.40,28,C00002|C00009|C00011|C00020|C00025|C00037|C00049|C00051|C00064|C00065|C00073|C00074|C00085|C00092|C00097|C00103|C00111|C00117|C00152|C00199|C00279|C00345|C00354|C00407|C00661|C00665|C01097|C03189,C00008|C00080|C00074,C00002|C00022,YAL038W|YOR347C,1,1,2,4
EC_3.5.4.1,25,C00002|C00009|C00025|C00035|C00037|C00044|C00049|C00059|C00064|C00065|C00073|C00079|C00081|C00097|C00104|C00123|C00135|C00152|C00183|C00188|C00263|C00360|C00362|C00407|C01157,C00080|C00001|C02376,C01342|C00178,YPR062W|YPR062W,2,0,1,4
EC_3.1.3.11,24,C00002|C00008|C00009|C00010|C00020|C00037|C00051|C00059|C00074|C00076|C00086|C00097|C00135|C00158|C00238|C00288|C00305|C00342|C00575|C00712|C00860|C01152|C01595|C01678,C00354|C00001,C00085|C00009,YLR377C,1,0,2,3
EC_3.1.3.2,23,C00008|C00011|C00020|C00022|C00033|C00042|C00072|C00076|C00097|C00132|C00144|C00147|C00158|C00212|C00242|C00315|C00387|C00575|C00750|C00942|C05122|C14819|C19610,C00345|C00001,C00009|C00257,YBR093C|YAR071W|YBR092C|YHR215W|YBR092C|YBR092C|YDL024C,5,0,1,4
EC_3.1.4.4,21,C00001|C00002|C00008|C00027|C00035|C00044|C00072|C00075|C00076|C00165|C00350|C00416|C00469|C00575|C00681|C00712|C01194|C01595|C02737|C06424|C13889,C00080|C00001,C00114,YKR031C|YKR031C|YKR031C|YKR031C|YKR031C|YKR031C|YKR031C|YKR031C,8,0,0,6
EC_3.1.2.2,19,C00002|C00003|C00008|C00016|C00042|C00061|C00097|C00122|C00157|C00158|C00253|C00255|C00318|C00350|C00469|C00712|C01356|C01595|C04230,C00001|C02050,C00010|C00080|C01595,YJR019C|YJR019C|YJR019C|YJR019C|YJR019C|YJR019C|YJR019C|YJR019C|YJR019C|YJR019C,11,1,2,5
EC_3.1.2.1,18,C00002|C00004|C00008|C00009|C00013|C00024|C00033|C00035|C00044|C00051|C00063|C00116|C00124|C00127|C00163|C00318|C00416|C01678,C00033|C00024|C00042|C00091,C00033|C00024|C00042|C00091,YBL015W|YBL015W,2,0,4,4
EC_2.4.1.11,17,C00009|C00025|C00031|C00049|C00059|C00092|C00117|C00124|C00148|C00159|C00163|C00182|C00184|C00329|C00352|C00379|C06369,C00029,C00182|C00080|C00015,YFR015C|YJL137C|YFR015C|YKR058W|YJL137C|YLR258W|YKR058W|YLR258W,1,1,3,3
EC_2.7.1.11,17,C00008|C00009|C00020|C00035|C00051|C00059|C00074|C00085|C00116|C00158|C00288|C00354|C00575|C00665|C00698|C01083|C02737,C00002|C05382,C00008|C00080|C00447,YGR240C|YMR205C|YGR240C|YMR205C,2,0,2,2
EC_3.1.1.3,17,C00011|C00051|C00072|C00076|C00101|C00189|C00238|C00305|C00469|C00794|C00849|C00865|C01330|C01356|C05122|C14819|C19610,C00001,C00080|C00712,YDL052C|YKR089C|YOR081C|YDL052C|YKR089C|YOR081C|YDL052C|YKR089C|YOR081C|YDL052C|YKR089C|YOR081C|YBR204C|YKR089C|YMR313C|YOR081C|YCR068W|YBR204C|YKR089C|YMR313C|YOR081C|YBR204C|YKR089C|YMR313C|YOR081C|YBR204C|YKR089C|YMR313C|YOR081C|YBR204C|YKR089C|YMR313C|YOR081C|YBR204C|YKR089C|YMR313C|YOR081C|YBR204C|YKR089C|YMR313C|YOR081C|YBR204C|YKR089C|YMR313C|YOR081C|YBR204C|YKR089C|YMR313C|YOR081C|YBR204C|YKR089C|YMR313C|YOR081C|YBR204C|YKR089C|YMR313C|YOR081C|YBR204C|YKR089C|YMR313C|YOR081C|YBR204C|YKR089C|YMR313C|YOR081C|YBR204C|YKR089C|YMR313C|YOR081C|YBR204C|YKR089C|YMR313C|YOR081C|YBR204C|YKR089C|YMR313C|YOR081C|YBR204C|YKR089C|YMR313C|YOR081C|YBR204C|YKR089C|YMR313C|YOR081C|YBR204C|YKR089C|YMR313C|YOR081C|YBR204C|YKR089C|YMR313C|YOR081C|YBR204C|YKR089C|YMR313C|YOR081C|YBR204C|YKR089C|YMR313C|YOR081C|YBR204C|YKR089C|YMR313C|YOR081C|YBR204C|YKR089C|YMR313C|YOR081C|YBR204C|YKR089C|YMR313C|YOR081C|YBR204C|YKR089C|YMR313C|YOR081C|YBR204C|YKR089C|YMR313C|YOR081C|YBR204C|YKR089C|YMR313C|YOR081C|YBR204C|YKR089C|YMR313C|YOR081C|YBR204C|YKR089C|YMR313C|YOR081C|YBR204C|YKR089C|YMR313C|YOR081C|YBR204C|YKR089C|YMR313C|YOR081C|YMR313C|YCR068W|YMR313C|YMR313C|YMR313C|YMR313C|YMR313C|YMR313C|YMR313C|YDR058C|YDR058C|YDR058C|YDR058C|YMR313C|YMR313C|YMR313C|YMR313C|YKR089C|YKR089C|YKR089C|YKR089C|YKR089C|YKR089C|YKR089C|YKR089C|YKR089C|YKR089C|YKR089C|YKR089C|YKR089C|YKR089C|YKR089C|YKR089C,68,0,1,5
EC_3.5.1.2,17,C00002|C00009|C00036|C00044|C00048|C00051|C00059|C00063|C00064|C00072|C00074|C00081|C00085|C00097|C00123|C00158|C00288,C00199|C00661|C00080|C00001|C00025|C00064|C00009|C00018,C00199|C00661|C00080|C00001|C00025|C00064|C00009|C00018,YFL060C|YNL334C|YFL059W|YNL333W,2,0,7,3
EC_4.6.1.1,17,C00011|C00022|C00031|C00044|C00075|C00076|C00116|C00249|C00288|C00469|C00575|C00712|C01120|C01595|C03044|C05979|C20657,C00002,C00575|C00013,YJL005W,1,0,1,5
EC_2.7.4.3,16,C00001|C00002|C00008|C00020|C00026|C00035|C00068|C00086|C00097|C00112|C00122|C00135|C00158|C00188|C00311|C00417,C00020|C00002,C00008,YDL166C|YDR226W,1,1,1,NA
EC_3.2.1.21,16,C00031|C00038|C00051|C00076|C00097|C00116|C00124|C00132|C00137|C00156|C00181|C00221|C00469|C00849|C05979|C14819,C00031|C00001|C00132,C00031|C00001|C00132,,1,0,2,1
EC_2.1.3.2,15,C00002|C00033|C00041|C00042|C00044|C00058|C00063|C00075|C00099|C00149|C00163|C00189|C00212|C00246|C00334,C00002|C00288|C00001|C00064,C00008|C00169|C00080|C00025|C00009,YJL130C|YJL130C|YJR109C|YOR303W,2,1,5,4
EC_1.3.5.1,14,C00002|C00009|C00013|C00042|C00081|C00091|C00104|C00122|C00164|C00311|C00390|C00865|C01847|C03189,C00122|C00042|C00390|C17568,C00122|C00042|C00390|C17568,YDR178W|YJL045W|YKL141W|YLL041C|YDR178W|YKL141W|YKL148C|YLL041C|YLR164W|YJL045W|YKL141W|YLL041C,1,0,2,5
EC_2.4.1.1,14,C00002|C00008|C00009|C00020|C00022|C00051|C00059|C00075|C00097|C00103|C00122|C00469|C00575|C00954,C00182|C00009,C00103,YPR160W,1,0,1,3
EC_3.5.4.6,14,C00002|C00008|C00009|C00031|C00044|C00116|C00131|C00147|C00158|C00212|C00238|C00262|C01330|C01801,C00020|C00080|C00001,C01342|C00130,YML035C,1,0,2,5
EC_1.17.4.1,13,C00002|C00007|C00008|C00009|C00027|C00044|C00131|C00286|C00361|C00458|C00459|C01260|C01345,C00035|C00080|C00342,C00361|C00001|C00343,YER070W|YGR180C|YIL066C|YJL026W|YER070W|YGR180C|YIL066C|YJL026W|YER070W|YGR180C|YIL066C|YJL026W|YER070W|YGR180C|YIL066C|YJL026W|YER070W|YGR180C|YIL066C|YJL026W|YER070W|YGR180C|YIL066C|YJL026W,6,0,2,4
EC_3.1.3.4,13,C00008|C00035|C00112|C00134|C00157|C00269|C00315|C00350|C00712|C00750|C01120|C01194|C05122,C00001,C00009|C00080,YMR165C|YMR165C|YMR165C|YMR165C|YMR165C|YMR165C|YMR165C|YMR165C|YDR284C|YDR284C|YDR284C|YDR284C|YDR284C|YDR284C|YDR284C|YDR284C|YDR503C|YDR503C|YDR503C|YDR503C|YDR503C|YDR503C|YDR503C|YDR503C|YDR284C|YDR284C|YDR284C|YDR284C|YDR284C|YDR284C|YDR284C|YDR284C|YDR503C|YDR503C|YDR503C|YDR503C|YDR503C|YDR503C|YDR503C|YDR503C|YDR284C|YDR284C|YDR284C|YDR284C|YDR503C|YDR503C|YDR503C|YDR503C,48,0,2,5
EC_3.1.4.11,13,C00076|C00157|C00165|C00350|C00392|C00416|C00524|C00681|C00712|C00750|C01120|C02470|C02737,C00001,C01245|C00080,YPL268W|YPL268W|YPL268W|YPL268W|YPL268W|YPL268W|YPL268W|YPL268W|YPL268W|YPL268W|YPL268W|YPL268W|YPL268W|YPL268W|YPL268W|YPL268W,16,0,1,6
EC_2.7.11.1,12,C00020|C00027|C00134|C00157|C00246|C00301|C00315|C00575|C00681|C00750|C01194|C01595,C00080|C00002,C00008,YBR097W|YLR240W|YBR097W|YLR240W|YPL120W|YLR360W|YBR097W|YLR240W|YBR128C|YPL120W|YLR211C|YBR097W|YLR240W|YBR097W|YLR240W|YPL120W|YLR360W|YBR097W|YLR240W|YBR128C|YPL120W|YLR211C|YBR097W|YLR240W|YBR097W|YLR240W|YPL120W|YLR360W|YBR097W|YLR240W|YBR128C|YPL120W|YLR211C|YBR097W|YLR240W|YBR097W|YLR240W|YPL120W|YLR360W|YBR097W|YLR240W|YBR128C|YPL120W|YLR211C|YBR097W|YLR240W|YBR097W|YLR240W|YPL120W|YLR360W|YBR097W|YLR240W|YBR128C|YPL120W|YLR211C|YBR097W|YLR240W|YBR097W|YLR240W|YPL120W|YLR360W|YBR097W|YLR240W|YBR128C|YPL120W|YLR211C|YBR097W|YLR240W|YBR097W|YLR240W|YPL120W|YLR360W|YBR097W|YLR240W|YBR128C|YPL120W|YLR211C|YBR097W|YLR240W|YBR097W|YLR240W|YPL120W|YLR360W|YBR097W|YLR240W|YBR128C|YPL120W|YLR211C,8,0,1,5
EC_3.1.1.2,12,C00009|C00018|C00076|C00097|C00157|C00305|C00350|C00469|C01194|C02737|C04036|C19610,C00033|C00080|C00530,C00001|C00642,,1,0,1,4
EC_3.1.3.1,12,C00011|C00013|C00038|C00079|C00123|C00135|C00157|C00187|C00305|C00350|C01194|C02737,C04895|C00001,C04874|C00080|C00009,YDR481C,1,0,3,5
EC_1.4.1.4,11,C00002|C00008|C00020|C00035|C00038|C00044|C00075|C00104|C00132|C00469|C00490,C00026|C01342|C00080|C00005,C00001|C00025|C00006,YAL062W|YOR375C,1,0,3,NA
EC_2.7.1.1,11,C00009|C00074|C00092|C00121|C00124|C00158|C00181|C00267|C00275|C00311|C03189,C00002|C02336,C00008|C00080|C05345,YLR446W|YFR053C|YGL253W|YLR446W|YCL040W|YFR053C|YGL253W|YDR516C|YLR446W|YFR053C|YGL253W|YLR446W|YLR446W|YLR446W|YLR446W|YLR446W,8,1,2,1
EC_3.1.3.46,11,C00002|C00009|C00044|C00058|C00074|C00081|C00111|C00158|C00180|C02979|C03189,C00002|C05345,C00008|C00665|C00080,YLR345W|YJL155C|YLR345W,2,0,2,2
EC_4.1.1.17,11,C00002|C00035|C00044|C00075|C00081|C00144|C00212|C00286|C00315|C00750|C01005,C00080|C01602,C00011|C00134,YKL184W,1,1,1,5
EC_1.1.1.44,10,C00002|C00008|C00020|C00049|C00078|C00085|C00135|C00257|C00345|C01094,C00345|C00006,C00011|C00199|C00005,YGR256W|YHR183W,1,0,3,4
EC_1.13.11.52,10,C00007|C00027|C00051|C00072|C00078|C00097|C00294|C00430|C00704|C00955,C00078|C00007,C02700,YJR078W,1,1,1,4
EC_1.3.3.3,10,C00007|C00019|C00022|C00073|C00157|C00416|C00865|C01356|C02737|C04230,C03263|C00080|C00007,C00011|C00001|C01079,YDR044W,1,1,3,8
EC_2.3.1.15,10,C00002|C00157|C00315|C00350|C00416|C00712|C00750|C00865|C01194|C02737,C00111|C00080|C00510,C00010|C03630,YBL011W|YKR067W|YBL011W|YKR067W|YKR067W|YKR067W|YBL011W|YKR067W|YBL011W|YKR067W|YKR067W|YKR067W|YKR067W|YKR067W|YKR067W|YKR067W|YKR067W|YKR067W|YKR067W|YKR067W,16,0,1,4
EC_2.3.1.20,10,C00002|C00010|C00031|C00089|C00157|C00416|C00469|C00588|C00865|C04230,C00510,C00010,YCR048W|YNR019W|YOR245C|YCR048W|YNR019W|YOR245C|YCR048W|YNR019W|YOR245C|YCR048W|YNR019W|YOR245C|YCR048W|YNR019W|YOR245C|YCR048W|YNR019W|YOR245C|YCR048W|YNR019W|YOR245C|YCR048W|YNR019W|YOR245C|YCR048W|YNR019W|YOR245C|YCR048W|YNR019W|YOR245C|YCR048W|YNR019W|YOR245C|YCR048W|YNR019W|YOR245C|YCR048W|YNR019W|YOR245C|YCR048W|YNR019W|YOR245C|YCR048W|YNR019W|YOR245C|YCR048W|YNR019W|YOR245C|YCR048W|YNR019W|YOR245C|YCR048W|YNR019W|YOR245C|YCR048W|YNR019W|YOR245C|YCR048W|YNR019W|YOR245C|YCR048W|YNR019W|YOR245C|YCR048W|YNR019W|YOR245C|YCR048W|YNR019W|YOR245C|YCR048W|YNR019W|YOR245C|YCR048W|YNR019W|YOR245C|YCR048W|YNR019W|YOR245C|YCR048W|YNR019W|YOR245C|YCR048W|YNR019W|YOR245C|YCR048W|YNR019W|YOR245C|YCR048W|YNR019W|YOR245C|YCR048W|YNR019W|YOR245C|YCR048W|YNR019W|YOR245C|YOR245C|YOR245C|YOR245C|YOR245C|YOR245C|YOR245C|YOR245C|YOR245C|YOR245C|YOR245C|YOR245C|YOR245C|YOR245C|YOR245C|YOR245C|YOR245C|YOR245C|YOR245C|YOR245C|YOR245C|YOR245C|YOR245C|YOR245C|YOR245C|YOR245C|YOR245C|YOR245C|YOR245C|YOR245C|YOR245C|YOR245C|YOR245C,64,1,1,4
EC_2.3.2.2,10,C00031|C00047|C00049|C00051|C00064|C00097|C00148|C00238|C14819|C19610,C00051|C00041,C01419|C03738,YLR299W,1,0,0,4
EC_2.7.2.4,10,C00041|C00047|C00065|C00073|C00097|C00099|C00123|C00183|C00188|C00407,C00002|C00049,C03082|C00008,YER052C,1,1,2,5
EC_3.5.1.1,10,C00037|C00051|C00073|C00097|C00135|C00158|C00491|C00794|C01356|C06809,C00001|C00152,C01342|C00049,YDR321W|YLR155C|YLR157C|YLR158C|YLR160C,2,0,2,5
EC_3.5.4.12,10,C00063|C00112|C00116|C00239|C00286|C00360|C00458|C00459|C00460|C00705,C00458|C00080|C00001,C01342|C00460,YHR144C|YHR144C,2,0,1,4
EC_4.1.1.15,10,C00002|C00008|C00020|C00026|C00044|C00063|C00064|C00075|C00076|C00698,C00080|C00025,C00011|C00334,YMR250W,1,0,2,4
EC_4.1.2.13,10,C00009|C00013|C00026|C00031|C00051|C00074|C00093|C00097|C00158|C00469,C00279|C00111|C00447,C00279|C00111|C00447,YKL060C|YKL060C|YKL060C,3,0,2,3
EC_4.6.1.2,10,C00002|C00007|C00027|C00031|C00288|C00362|C00533|C00575|C00942|C02191,C00044,C00942|C00013,YJL005W,1,0,1,4
EC_1.2.1.12,9,C00002|C00003|C00005|C00027|C00051|C00097|C00132|C00469|C05979,C00236|C00661|C00080|C00003|C00004|C00009,C00236|C00661|C00080|C00003|C00004|C00009,YGR192C|YJL052W|YJR009C,1,0,5,3
EC_6.4.1.1,9,C00024|C00049|C00083|C00100|C00120|C00136|C00154|C00332|C00510,C00002|C00288|C00022,C00008|C00080|C00036|C00009,YBR218C|YGL062W,1,0,3,4
EC_1.1.1.205,8,C00002|C00008|C00020|C00051|C00097|C00238|C01260|C01330,C00001|C00130|C00003,C00080|C00004|C00655,YHR216W|YLR432W|YML056C,1,0,3,4
EC_1.1.1.49,8,C00002|C00027|C00062|C00089|C00116|C00315|C00352|C01083,C00092|C00006,C01236|C00080|C00005,YNL241C,1,0,2,2
EC_1.1.1.95,8,C00009|C00041|C00059|C00073|C00097|C00155|C00183|C00263,C00026|C00080|C00003|C00004|C02630,C00026|C00080|C00003|C00004|C02630,YER081W|YIL074C|YIL074C|YER081W,2,1,4,5
EC_1.3.3.4,8,C00016|C00027|C00051|C00097|C00162|C00712|C01356|C17568,C00007|C01079,C00001|C02191,YER014W,1,0,2,6
EC_2.1.3.3,8,C00008|C00009|C00020|C00055|C00062|C00063|C00105|C00144,C00169|C01602,C00080|C00327|C00009,YJL088W,1,0,3,5
EC_2.4.1.16,8,C00002|C00031|C00043|C00140|C00350|C00865|C01194|C02737,C00043,C00461|C00080|C00015,YBR023C|YBR038W|YNL192W,1,0,2,4
EC_2.5.1.6,8,C00002|C00019|C00073|C00116|C00132|C00342|C00536|C00794,C00002|C00001|C00073,C00013|C00009|C00019,YDR502C|YLR180W,1,1,3,5
EC_2.7.8.15,8,C00002|C00096|C00157|C00350|C00865|C01194|C02737|C03862,C00110|C00043|C04500|C00105,C00110|C00043|C04500|C00105,YBR243C,1,0,2,3
EC_3.5.1.9,8,C00047|C00062|C00072|C00073|C00078|C00132|C00469|C05979,C00001|C02700,C00058|C00080|C00328,YDR428C,1,0,3,5
EC_5.1.3.2,8,C00001|C00003|C00004|C00005|C00085|C00092|C00103|C00105,C00052|C00029,C00052|C00029,YBR019C,1,1,1,3
EC_1.1.1.21,7,C00005|C00018|C00051|C00059|C00181|C00546|C00794,C00181|C00080|C00005,C00006|C00379,YDR368W|YHR104W|YHR104W|YHR104W|YOL151W|YHR104W,4,0,1,4
EC_1.1.1.38,7,C00002|C00010|C00042|C00049|C00074|C00075|C00122,C00149|C00006,C00011|C00005|C00022,YKL029C|YKL029C,2,1,3,5
EC_1.1.1.42,7,C00008|C00025|C00033|C00042|C00158|C00311|C00417,C00311|C00006,C00026|C00011|C00005,YLR174W|YNL009W|YDL066W,3,0,3,5
EC_1.1.1.9,7,C00031|C00037|C00051|C00097|C00116|C00181|C00259,C00003|C00379,C00310|C00080|C00004,YLR070C,1,0,2,3
EC_1.2.1.3,7,C00003|C00004|C00013|C00051|C00072|C00084|C00479,C02223|C00080|C00001|C00003|C00004|C18319,C02223|C00080|C00001|C00003|C00004|C18319,YMR110C|YMR169C|YMR170C|YMR169C|YMR170C|YMR110C|YMR170C|YER073W|YOR374W|YMR110C|YMR110C|YMR110C|YMR110C|YMR110C|YMR110C|YMR110C|YMR110C|YMR110C|YMR110C|YMR110C|YMR110C|YMR110C|YMR110C|YMR110C|YMR110C|YMR110C|YOR374W|YPL061W|YOR374W|YPL061W,22,1,4,3
EC_2.3.1.23,7,C00002|C00132|C00350|C00416|C00469|C01194|C02737,C03916,C03916,YOR175C|YDL052C|YOR175C|YOR175C|YDL052C|YOR175C|YOR175C|YDL052C|YOR175C|YOR175C|YDL052C|YOR175C|YPR140W|YPR140W|YPR140W|YPR140W|YPR140W|YPR140W|YPR140W|YPR140W|YPR140W|YPR140W|YPR140W|YPR140W|YPR140W|YPR140W|YPR140W|YPR140W|YPR140W|YPR140W|YPR140W|YPR140W|YPR140W|YPR140W|YPR140W|YPR140W|YPR140W|YPR140W|YPR140W|YPR140W|YPR140W|YPR140W|YPR140W|YPR140W|YPR140W|YPR140W|YPR140W|YPR140W|YPR140W|YPR140W|YPR140W|YPR140W|YPR140W|YPR140W|YPR140W|YPR140W|YPR140W|YPR140W|YPR140W|YPR140W|YPR140W|YPR140W|YPR140W|YPR140W|YPR140W|YPR140W|YPR140W|YPR140W|YPR140W|YPR140W|YPR140W|YPR140W|YPR140W|YPR140W|YPR140W|YPR140W|YPR140W|YPR140W|YPR140W|YPR140W|YPR140W|YPR140W|YPR140W|YPR140W|YPR140W|YPR140W|YPR140W|YPR140W|YPR140W|YPR140W|YPR140W|YPR140W|YPR140W|YPR140W|YPR140W|YPR140W|YPR140W|YPR140W|YPR140W|YPR140W|YPR140W|YPR140W|YPR140W|YPR140W|YPR140W|YPR140W|YPR140W|YPR140W|YPR140W|YPR140W|YPR140W|YPR140W|YPR140W|YPR140W|YPR140W|YPR140W|YPR140W|YPR140W|YPR140W|YPR140W|YPR140W|YPR140W|YPR140W|YPR140W|YPR140W|YPR140W|YPR140W|YPR140W|YPR140W|YPR140W|YPR140W|YPR140W|YPR140W|YPR140W|YPR140W|YPR140W|YPR140W|YPR140W|YPR140W|YPR140W|YPR140W|YPR140W|YPR140W|YPR140W|YPR140W|YPR140W|YPR140W|YPR140W|YPR140W|YPR140W|YPR140W|YPR140W|YPR140W|YPR140W|YPR140W|YPR140W|YPR140W|YPR140W|YPR140W|YPR140W|YPR140W|YPR140W|YPR140W|YPR140W|YPR140W|YPR140W|YPR140W|YPR140W|YPR140W|YPR140W|YPR140W|YPR140W|YPR140W|YPR140W|YPR140W|YPR140W|YPR140W|YPR140W|YPR140W|YPR140W|YPR140W|YPR140W|YPR140W|YPR140W|YPR140W|YPR140W|YPR140W|YPR140W|YPR140W|YPR140W|YPR140W|YPR140W|YPR140W|YPR140W|YPR140W|YPR140W|YPR140W|YPR140W|YPR140W|YPR140W|YPR140W|YPR140W|YPR140W|YPR140W,200,0,0,5
EC_2.7.1.20,7,C00002|C00009|C00020|C00074|C00111|C00119|C00169,C00212|C00002,C00008|C00020|C00080,YJR105W,1,0,3,4
EC_2.7.1.23,7,C00020|C00027|C00076|C00117|C00147|C00253|C03722,C00002|C00004,C00008|C00080|C00005,YEL041W|YJR049C|YEL041W|YJR049C|YPL188W|YEL041W|YJR049C|YEL041W|YJR049C|YPL188W,4,1,3,NA
EC_3.2.1.22,7,C00003|C00006|C00031|C00089|C00259|C00741|C01566,C00001|C01613,C00124|C00492,,1,0,1,5
EC_3.2.1.28,7,C00002|C00008|C00009|C00020|C00076|C00575|C01083,C00001|C01083,C00031,YPR026W|YBR001C|YDR001C,2,0,1,2
EC_3.2.1.3,7,C00038|C00076|C00116|C00305|C00794|C01083|C19610,C00182|C00001,C00031,YIL099W,1,0,1,2
EC_4.1.1.50,7,C00022|C00134|C00315|C00612|C00750|C00986|C01672,C00080|C00019,C00011|C01137,YOL052C,1,1,2,5
EC_4.2.1.51,7,C00073|C00078|C00079|C00082|C00123|C00407|C06420,C00080|C00254,C00011|C00001|C00166,YNL316C,1,0,3,4
EC_6.4.1.2,7,C00025|C00031|C00120|C00154|C00158|C00311|C00865,C00024|C00002|C00288,C00008|C00080|C00083|C00009,YMR207C,1,0,4,4
EC_1.1.1.37,6,C00051|C00097|C00122|C00149|C00158|C00311,C00149|C00080|C00003|C00004|C00036,C00149|C00080|C00003|C00004|C00036,YKL085W|YOL126C|YDL078C,3,0,3,5
EC_1.11.1.6,6,C00005|C00076|C00135|C00157|C00305|C19610,C00027,C00001|C00007,YGR088W|YDR256C,2,0,2,4
EC_1.13.11.27,6,C00051|C00072|C00101|C00132|C00469|C05979,C01179|C00007,C00011|C00544,,1,0,1,5
EC_1.4.3.5,6,C00086|C00097|C00183|C00632|C02470|C05635,C00007|C00314,C00027|C00250,YBR035C|YBR035C|YBR035C|YBR035C,4,0,1,4
EC_1.8.1.7,6,C00005|C00006|C00027|C00051|C00097|C01413,C00005|C00343,C00006|C00342,YCL035C|YPL091W|YDR098C|YPL091W|YDR513W|YPL091W|YER174C|YPL091W|YPL059W|YPL091W|YCR083W|YHR106W|YCR083W|YPL091W,3,0,2,3
EC_2.3.1.37,6,C00002|C00007|C00009|C00010|C00246|C00469,C00080|C00037|C00091,C00430|C00011|C00010,YDR232W,1,1,3,5
EC_2.4.1.173,6,C00002|C00157|C00350|C00469|C00865|C02737,C01694|C00029,C00080|C00015,YLR189C,1,0,2,3
EC_2.7.1.174,6,C00157|C00350|C00381|C00416|C01194|C02737,C00080|C00063,C00112,YOR311C|YOR311C|YOR311C|YOR311C|YOR311C|YOR311C|YOR311C|YOR311C,8,0,0,5
EC_2.7.1.30,6,C00132|C00404|C00469|C05979|C07328|C14710,C00002|C00116,C00008|C00093|C00080,YHL032C,1,0,2,3
EC_2.7.3.3,6,C00002|C00027|C00033|C00089|C00116|C00148,C00008|C00002|C00080|C00062|C05945,C00008|C00002|C00080|C00062|C05945,,1,0,4,6
EC_2.7.4.1,6,C00009|C00013|C00134|C00315|C00404|C00750,C00002|C00001,C00008|C00080|C00404,YJL012C,1,0,2,5
EC_2.7.7.15,6,C00157|C00246|C00712|C01194|C01356|C02737,C00588|C00063|C00080,C00307|C00013,YGR202C,1,0,1,4
EC_2.7.7.9,6,C00006|C00011|C00029|C00085|C00089|C00279,C00103|C00013|C00080|C00029|C00075,C00103|C00013|C00080|C00029|C00075,YHL012W|YKL035W,1,0,5,3
EC_3.1.4.17,6,C00051|C00072|C00076|C00942|C01194|C01530,C00575|C00001,C00020|C00080,YGL248W|YOR360C,1,0,2,6
EC_3.2.1.20,6,C00003|C00031|C00097|C00135|C05402|C05979,C00095|C00031|C00001|C19636,C00095|C00031|C00001|C19636,YBR299W|YGR287C|YGR292W|YIL172C|YJL216C|YJL221C|YBR299W|YGR292W|YBR299W|YGR292W,4,0,2,1
EC_3.2.1.24,6,C00002|C00055|C00097|C00157|C00350|C00464,C00001|C02603,C00936,YGL156W|YGL156W,2,0,0,3
EC_3.2.1.26,6,C00031|C00051|C00076|C00097|C00305|C19610,C00001|C00089,C00095|C00031,YIL162W,1,1,1,1
EC_4.2.1.22,6,C00018|C00019|C00021|C00032|C00116|C00430,C00155|C00065,C00001|C02291,YGR155W,1,0,1,5
EC_5.4.2.2,6,C00008|C00051|C00085|C00097|C00135|C00345,C00620|C03736,C00620|C03736,YMR105C|YKL127W|YKL127W|YMR105C|YMR278W,2,0,1,2
EC_6.3.1.2,6,C00025|C00026|C00097|C00137|C00148|C00794,C01342|C00002|C00025,C00008|C00080|C00064|C00009,YPR035W,1,1,4,3
EC_6.3.2.2,6,C00027|C00037|C00064|C00097|C00469|C00533,C00002|C00097|C00025,C00008|C00080|C00669|C00009,YJL101C,1,0,3,4
EC_1.1.1.41,5,C00002|C00003|C00008|C00020|C00158,C00311|C00003,C00026|C00011|C00004,YNL037C|YOR136W,1,0,3,6
EC_1.1.1.8,5,C00002|C00009|C00116|C00345|C00665,C00111|C00080|C00004,C00093|C00003,YDL022W|YOL059W|YOL059W,2,0,1,4
EC_1.2.4.2,5,C00004|C00008|C00051|C00068|C00469,C00026|C00080|C00248,C00011|C01169,YAL044C|YDR019C|YFL018C|YMR189W|YDR148C|YFL018C|YIL125W|YDR148C|YFL018C|YIL125W|YFR049W|YDR148C|YFL018C|YIL125W|YDR148C|YFL018C|YIL125W|YFR049W|YDR148C|YFL018C|YIL125W,3,0,1,5
EC_2.3.1.22,5,C00157|C00249|C00416|C00712|C00865,C00510,C00010,YCR048W|YNR019W|YOR245C|YCR048W|YNR019W|YOR245C|YCR048W|YNR019W|YOR245C|YCR048W|YNR019W|YOR245C|YCR048W|YNR019W|YOR245C|YCR048W|YNR019W|YOR245C|YCR048W|YNR019W|YOR245C|YCR048W|YNR019W|YOR245C|YCR048W|YNR019W|YOR245C|YCR048W|YNR019W|YOR245C|YCR048W|YNR019W|YOR245C|YCR048W|YNR019W|YOR245C|YCR048W|YNR019W|YOR245C|YCR048W|YNR019W|YOR245C|YCR048W|YNR019W|YOR245C|YCR048W|YNR019W|YOR245C|YCR048W|YNR019W|YOR245C|YCR048W|YNR019W|YOR245C|YCR048W|YNR019W|YOR245C|YCR048W|YNR019W|YOR245C|YCR048W|YNR019W|YOR245C|YCR048W|YNR019W|YOR245C|YCR048W|YNR019W|YOR245C|YCR048W|YNR019W|YOR245C|YCR048W|YNR019W|YOR245C|YCR048W|YNR019W|YOR245C|YCR048W|YNR019W|YOR245C|YCR048W|YNR019W|YOR245C|YCR048W|YNR019W|YOR245C|YCR048W|YNR019W|YOR245C|YCR048W|YNR019W|YOR245C|YCR048W|YNR019W|YOR245C|YOR245C|YOR245C|YOR245C|YOR245C|YOR245C|YOR245C|YOR245C|YOR245C|YOR245C|YOR245C|YOR245C|YOR245C|YOR245C|YOR245C|YOR245C|YOR245C|YOR245C|YOR245C|YOR245C|YOR245C|YOR245C|YOR245C|YOR245C|YOR245C|YOR245C|YOR245C|YOR245C|YOR245C|YOR245C|YOR245C|YOR245C|YOR245C,64,1,1,4
EC_2.3.3.16,5,C00020|C00026|C00033|C00086|C00342,C00024|C00001|C00036,C00158|C00010|C00080,YCR005C,1,0,2,5
EC_2.4.1.34,5,C00031|C00044|C00089|C00116|C00750,C00029,C00965|C00080|C00015,YPR165W|YLR342W|YPR165W|YGR032W|YPR165W|YMR306W,1,1,3,3
EC_2.4.1.83,5,C00157|C00350|C00865|C01194|C02737,C00110|C00096,C03862|C00035|C00080,YPR183W,1,1,3,3
EC_2.5.1.54,5,C00078|C00079|C00082|C00251|C00342,C00279|C00001|C00074,C04691|C00009,YDR035W|YBR249C|YBR249C|YDR035W,2,1,2,3
EC_2.7.1.32,5,C00038|C00097|C00134|C00315|C00750,C00002|C00189,C00008|C00080|C00346,YLR133W|YDR147W|YLR133W,2,0,2,5
EC_2.7.1.91,5,C00187|C00416|C01120|C01194|C02737,C00002|C00836,C00008|C00080|C01120,YLR260W|YOR171C|YLR260W|YOR171C,2,1,2,5
EC_2.7.8.2,5,C00157|C00350|C00475|C00865|C05122,C00307,C00080|C00055,YHR123W|YHR123W|YHR123W|YHR123W|YHR123W|YHR123W|YHR123W|YHR123W|YHR123W|YNL130C|YHR123W|YNL130C|YHR123W|YNL130C|YHR123W|YNL130C|YHR123W|YNL130C|YHR123W|YNL130C|YHR123W|YNL130C|YHR123W|YNL130C,16,0,2,5
EC_2.8.1.6,5,C00018|C00019|C00097|C00152|C00354,C00120|C01909|C00080|C00087,C00120|C01909|C00080|C00087,YGR286C,1,0,1,7
EC_3.1.1.13,5,C00132|C00157|C00350|C00469|C05122,C00001,C00080|C05437|C00712,YKL140W|YLL012W|YKL140W|YLL012W|YLL012W|YLL012W|YLL012W|YLL012W|YLL012W|YLL012W|YLL012W|YLL012W|YLR020C|YLR020C,12,0,2,5
EC_3.1.3.99,5,C00002|C00008|C00075|C00575|C01260,C00001|C00130,C00294|C00009,YOR155C,1,0,1,4
EC_3.5.3.1,5,C00062|C00097|C00134|C00315|C00750,C00001|C00062,C01602|C00086,YPL111W,1,0,1,6
EC_3.5.4.3,5,C00002|C00020|C00044|C00385|C00655,C00242|C00080|C00001,C00385|C01342,YDL238C,1,0,1,4
EC_3.6.1.11,5,C00004|C00008|C00022|C00042|C00062,C00080|C00001|C00404|C00009,C00080|C00001|C00404|C00009,YHR201C|YDR452W|YDR452W|YHR201C|YDR452W|YHR201C|YDR452W|YHR201C|YDR452W,5,0,3,4
EC_3.6.1.5,5,C00024|C00025|C00026|C00076|C00305,C00001|C00081,C00080|C00104|C00009,YCR024C-A|YEL017C-A|YGL008C|YCR024C-A|YEL017C-A|YPL036W|YER005W|YER005W|YER005W|YER005W|YER005W|YER005W|YAL035W|YLL001W|YER005W|YER005W|YER005W|YER005W,10,0,2,3
EC_4.2.1.2,5,C00009|C00033|C00059|C00158|C00698,C00149|C00122|C00001,C00149|C00122|C00001,YPL262W|YPL262W,2,0,2,5
EC_4.3.1.19,5,C00009|C00020|C00055|C00183|C00407,C00188,C00109|C01342,YCL064C|YCL064C|YER086W,3,0,2,4
EC_5.3.1.8,5,C00011|C00013|C00076|C00305|C19610,C00085|C00275,C00085|C00275,YER003C,1,0,2,2
EC_6.3.4.2,5,C00035|C00044|C00081|C00144|C00362,C01342|C00002|C00075,C00008|C00063|C00080|C00009,YBL039C|YJR103W|YBL039C|YJR103W,2,1,4,4
EC_1.1.1.101,4,C00116|C00157|C00184|C00469,C00080|C03630|C00005,C00006,YIL124W|YIL124W|YIL124W|YIL124W|YIL124W|YIL124W|YIL124W|YIL124W,8,1,1,5
EC_1.1.5.3,4,C00016|C00061|C00524|C00865,C00016|C00093|C00080,C00111|C01352,YIL155C,1,0,1,5
EC_1.5.1.2,4,C00134|C00315|C00698|C00750,C04281|C00080|C00003|C00004|C01157,C04281|C00080|C00003|C00004|C01157,YER023W|YER023W|YER023W,3,0,3,7
EC_1.5.1.5,4,C00009|C00051|C00067|C00097,C00445|C00143|C00006|C00005,C00445|C00143|C00006|C00005,YGR204W|YBR084W|YBR084W|YGR204W|YGR204W|YBR084W,6,1,3,4
EC_2.2.1.1,4,C00027|C00097|C00378|C00469,C00279|C00085|C00231|C00661,C00279|C00085|C00231|C00661,YBR117C|YPR074C|YBR117C|YPR074C,2,1,4,2
EC_2.3.1.26,4,C00002|C00187|C00350|C00418,C00510,C00010,YCR048W|YCR048W|YNR019W|YCR048W|YCR048W|YCR048W|YCR048W|YCR048W|YNR019W|YCR048W|YCR048W|YCR048W|YCR048W|YNR019W|YOR245C|YCR048W|YNR019W|YOR245C|YCR048W|YNR019W|YOR245C|YCR048W|YNR019W|YOR245C|YCR048W|YNR019W|YOR245C|YCR048W|YNR019W|YOR245C|YCR048W|YNR019W|YOR245C|YCR048W|YNR019W|YOR245C|YCR048W|YNR019W|YOR245C|YCR048W|YNR019W|YOR245C|YCR048W|YNR019W|YOR245C|YCR048W|YNR019W|YOR245C|YCR048W|YNR019W|YOR245C|YCR048W|YNR019W|YOR245C|YCR048W|YNR019W|YOR245C|YCR048W|YNR019W|YOR245C|YCR048W|YNR019W|YOR245C|YCR048W|YNR019W|YOR245C|YCR048W|YNR019W|YOR245C|YCR048W|YNR019W|YOR245C|YCR048W|YNR019W|YOR245C|YCR048W|YNR019W|YOR245C|YCR048W|YNR019W|YOR245C|YCR048W|YNR019W|YOR245C|YCR048W|YNR019W|YOR245C|YCR048W|YNR019W|YOR245C|YCR048W|YNR019W|YOR245C|YCR048W|YNR019W|YOR245C|YCR048W|YNR019W|YOR245C|YCR048W|YNR019W|YOR245C|YCR048W|YNR019W|YOR245C|YCR048W|YNR019W|YOR245C,42,1,1,4
EC_2.4.1.132,4,C00110|C00350|C00381|C02737,C00080|C00096|C00035,C00080|C00096|C00035,YGL065C|YGL065C,2,0,3,NA
EC_2.4.1.142,4,C00157|C00416|C00865|C02737,C00096|C04537,C05860|C00035|C00080,YBR110W,1,0,2,4
EC_2.4.1.15,4,C00031|C00085|C00095|C01083,C00689|C00001,C00009|C01083,YBR126C|YDR074W|YML100W|YBR126C|YDR074W|YMR261C|YBR126C|YDR074W|YML100W|YBR126C|YDR074W|YMR261C,2,1,2,2
EC_2.4.2.9,4,C00002|C00044|C00051|C00286,C00119|C00106,C00013|C00105,YHR128W,1,1,2,4
EC_2.6.1.7,4,C00078|C00097|C00328|C00647,C00026|C00328,C00025|C01252,YER152C|YGL202W|YJL060W|YJL060W|YHR137W|YHR137W|YHR137W|YJL060W|YJL060W,7,1,1,4
EC_2.7.1.137,4,C00212|C00416|C00575|C00712,C00080|C00002,C00008,YBR097W|YLR240W|YBR097W|YLR240W|YPL120W|YLR360W|YBR097W|YLR240W|YBR128C|YPL120W|YLR211C|YBR097W|YLR240W|YBR097W|YLR240W|YPL120W|YLR360W|YBR097W|YLR240W|YBR128C|YPL120W|YLR211C|YBR097W|YLR240W|YBR097W|YLR240W|YPL120W|YLR360W|YBR097W|YLR240W|YBR128C|YPL120W|YLR211C|YBR097W|YLR240W|YBR097W|YLR240W|YPL120W|YLR360W|YBR097W|YLR240W|YBR128C|YPL120W|YLR211C|YBR097W|YLR240W|YBR097W|YLR240W|YPL120W|YLR360W|YBR097W|YLR240W|YBR128C|YPL120W|YLR211C|YBR097W|YLR240W|YBR097W|YLR240W|YPL120W|YLR360W|YBR097W|YLR240W|YBR128C|YPL120W|YLR211C|YBR097W|YLR240W|YBR097W|YLR240W|YPL120W|YLR360W|YBR097W|YLR240W|YBR128C|YPL120W|YLR211C|YBR097W|YLR240W|YBR097W|YLR240W|YPL120W|YLR360W|YBR097W|YLR240W|YBR128C|YPL120W|YLR211C,8,0,1,5
EC_2.7.1.25,4,C00051|C00072|C00097|C00342,C00224|C00002,C00053|C00008|C00080,YKL001C,1,1,3,5
EC_2.7.1.68,4,C00315|C00416|C00681|C00750,C00080|C00002,C00008,YDR208W|YDR208W|YDR208W|YDR208W|YDR208W|YDR208W|YDR208W|YDR208W|YDR208W|YDR208W|YDR208W|YDR208W|YDR208W|YDR208W|YDR208W|YDR208W,16,0,1,5
EC_2.7.4.14,4,C00005|C00051|C00097|C00342,C00002|C00365,C00008|C01346,YKL024C|YKL024C|YKL024C|YKL024C,4,0,1,4
EC_2.7.8.5,4,C00076|C00305|C00350|C01194,C00093,C00055,YCL004W|YCL004W|YCL004W|YCL004W|YCL004W|YCL004W,6,0,1,5
EC_2.8.1.1,4,C00051|C00087|C00097|C00246,C00080|C01326|C00320|C11481|C01755,C00080|C01326|C00320|C11481|C01755,YOR251C|YOR285W|YOR286W,1,0,2,6
EC_3.1.3.12,4,C00009|C00029|C00059|C01083,C00689|C00001,C00009|C01083,YBR126C|YDR074W|YML100W|YBR126C|YDR074W|YMR261C|YBR126C|YDR074W|YML100W|YBR126C|YDR074W|YMR261C,2,1,2,2
EC_3.1.3.36,4,C00051|C00097|C00157|C02737,C00001,C00080|C00009,YNL106C|YOR109W|YNL106C|YOR109W|YNL106C|YOR109W|YNL106C|YOR109W|YNL106C|YOR109W|YNL106C|YOR109W|YNL106C|YOR109W|YNL106C|YOR109W|YJR110W|YNL106C|YOR109W|YJR110W|YNL106C|YOR109W|YJR110W|YNL106C|YOR109W|YJR110W|YNL106C|YOR109W|YJR110W|YNL106C|YOR109W|YJR110W|YNL106C|YOR109W|YJR110W|YNL106C|YOR109W|YJR110W|YNL106C|YOR109W|YNL106C|YOR109W|YNL106C|YOR109W|YNL106C|YOR109W|YNL106C|YOR109W|YNL106C|YOR109W|YNL106C|YOR109W|YNL106C|YOR109W|YNL106C|YOR109W|YNL106C|YOR109W|YNL106C|YOR109W|YNL106C|YOR109W|YNL106C|YOR109W|YNL106C|YOR109W|YNL106C|YOR109W|YNL106C|YOR109W|YNL106C|YOR109W|YNL106C|YOR109W|YNL106C|YOR109W|YNL106C|YOR109W|YNL106C|YOR109W|YNL106C|YOR109W|YNL106C|YOR109W|YNL106C|YOR109W|YNL106C|YOR109W|YNL106C|YOR109W|YNL106C|YOR109W|YNL106C|YOR109W|YNL106C|YOR109W|YNL106C|YOR109W|YNL106C|YOR109W|YNL106C|YOR109W|YNL106C|YOR109W|YIL002C|YNL106C|YOR109W|YIL002C|YNL106C|YOR109W|YIL002C|YNL106C|YOR109W|YIL002C|YNL106C|YOR109W|YIL002C|YNL106C|YOR109W|YIL002C|YNL106C|YOR109W|YIL002C|YNL106C|YOR109W|YIL002C|YNL106C|YOR109W|YIL002C|YNL106C|YOR109W|YIL002C|YNL106C|YOR109W|YIL002C|YNL106C|YOR109W|YIL002C|YNL106C|YOR109W|YIL002C|YNL106C|YOR109W|YIL002C|YNL106C|YOR109W|YIL002C|YNL106C|YOR109W|YIL002C|YNL106C|YOR109W|YOL065C|YOL065C|YOL065C|YOL065C|YOL065C|YOL065C|YOL065C|YOL065C,72,0,2,5
EC_3.2.1.14,4,C00086|C00097|C00132|C00469,C00461|C00001|C00140,C00461|C00001|C00140,YDR371W|YLR286C,1,0,1,5
EC_3.4.13.18,4,C00037|C00041|C00065|C19610,C00001,C00025|C00037,,9,0,2,4
EC_3.5.4.5,4,C00051|C00214|C00299|C00475,C00881|C00080|C00001,C00526|C01342,YLR245C|YLR245C,2,0,1,4
EC_3.6.1.1,4,C00002|C00013|C00051|C01260,C00013|C00001,C00080|C00009,YBR011C|YMR267W,2,1,2,NA
EC_3.6.1.9,4,C00002|C00009|C01260|C06197,C00013|C00080|C00001|C00677|C00676,C00013|C00080|C00001|C00677|C00676,YJR069C|YJR069C|YJR069C|YJR069C|YJR069C,5,0,3,4
EC_4.1.1.36,4,C00022|C00051|C00086|C00097,C00080|C04352,C00011|C01134,YKL088W|YKR072C|YOR054C,1,1,2,5
EC_4.1.1.49,4,C00024|C00026|C00042|C00122,C00002|C00036,C00008|C00011|C00074,YKR097W,1,0,3,4
EC_4.1.1.74,4,C00078|C00079|C00082|C00954,C00084|C00080|C00022,C00810|C00011,YGR087C|YLR044C|YLR134W|YDL080C|YGR087C|YLR044C|YLR134W|YGR087C|YLR044C|YLR134W|YGR087C|YLR044C|YLR134W|YGR087C|YLR044C|YLR134W|YGR087C|YLR044C|YLR134W,6,0,1,3
EC_4.1.3.1,4,C00024|C00033|C00051|C00097,C00311,C00048|C00042,YER065C,1,1,1,4
EC_4.2.1.20,4,C00089|C00245|C01330|C02693,C03506|C00065,C00661|C00001|C00078,YGL026C,1,1,3,3
EC_4.4.1.17,4,C00004|C00005|C00016|C00051,C00032|C00524|C02248,C00032|C00524|C02248,YAL039C|YKL087C,1,0,1,5
EC_5.3.3.2,4,C00005|C00051|C00061|C00418,C00129|C00235,C00129|C00235,YPL117C,1,1,2,5
EC_5.4.99.5,4,C00078|C00097|C00135|C00259,C00251,C00254,YPR060C,1,1,1,5
EC_6.1.1.4,4,C00134|C00315|C01413|C01645,C00002|C00123|C01645,C00020|C00013|C02047,YPL160W|YLR382C,2,1,3,4
EC_1.1.1.2,3,C00009|C00059|C00212,C00080|C00005,C00006|C06044,YCR105W|YDR368W|YMR318C|YCR105W|YMR318C|YCR105W|YMR318C|YCR105W|YMR318C|YCR105W|YDR368W|YMR318C|YCR105W|YDR368W|YMR318C|YCR105W|YDR368W|YMR318C,7,0,1,4
EC_1.1.1.25,3,C00076|C00305|C19610,C00002|C00493,C03175|C00008|C00080,YDR127W|YDR127W|YDR127W|YDR127W|YDR127W,5,1,3,4
EC_1.1.1.283,3,C00051|C00097|C00546,C00080|C00546|C00005,C00424|C00006,YHR104W|YOL151W,1,0,1,4
EC_1.1.1.284,3,C00004|C00051|C00067,C00080|C00004,C00003|C06044,YBR145W|YDL168W|YOL086C|YBR145W|YDL168W|YOL086C|YBR145W|YDL168W|YOL086C|YBR145W|YDL168W|YOL086C|YBR145W|YDL168W|YOL086C|YDL168W|YBR145W|YDL168W|YOL086C|YBR145W|YDL168W|YOL086C|YBR145W|YDL168W|YOL086C,9,0,1,4
EC_1.13.11.5,3,C00051|C00072|C00097,C00007|C00544,C00080|C01036,,1,0,1,6
EC_1.2.1.16,3,C00051|C00097|C00334,C00001|C00006|C00232,C00080|C00005|C00042,YBR006W,1,0,3,4
EC_1.6.2.4,3,C00249|C01724|C02679,C00080|C01724|C00005|C00007,C11455|C00058|C00001|C00006,YHR007C|YHR042W,1,1,4,5
EC_1.8.1.9,3,C00009|C00097|C01352,C00005|C00343,C00006|C00342,YDR353W|YGR209C|YDR353W|YLR043C|YDR353W|YCR083W|YHR106W|YCR083W|YPL091W,2,1,2,5
EC_2.1.1.10,3,C00097|C00155|C00263,C00155|C00019,C00080|C00073|C00021,YLL062C|YPL273W,1,1,3,5
EC_2.1.2.1,3,C00018|C00065|C00101,C00143|C00001|C00037|C00065|C00101,C00143|C00001|C00037|C00065|C00101,YLR058C|YBR263W,2,0,5,4
EC_2.1.2.2,3,C00037|C00078|C00135,C00234|C03838,C04376|C00080|C00101,YDR408C,1,1,3,5
EC_2.2.1.6,3,C00022|C00033|C00469,C00080|C00022,C00900|C00011,YCL009C|YMR108W|YMR108W|YCL009C|YMR108W|YMR108W,2,1,2,4
EC_2.3.1.42,3,C00013|C00084|C00865,C00111|C00080|C00510,C00010|C03630,YBL011W|YKR067W|YBL011W|YKR067W|YKR067W|YKR067W|YBL011W|YKR067W|YBL011W|YKR067W|YKR067W|YKR067W|YKR067W|YKR067W|YKR067W|YKR067W|YKR067W|YKR067W|YKR067W|YKR067W,16,0,1,4
EC_2.3.1.48,3,C00469|C00575|C00750,C00024|C00010|C00080|C02188,C00024|C00010|C00080|C02188,YEL066W,1,0,3,3
EC_2.3.1.86,3,C00002|C00051|C00097,C00024|C00080|C00083|C00005,C00011|C00010|C00001|C00006|C00412,YKL182W|YPL231W|YKL182W|YPL231W,2,0,5,4
EC_2.4.2.28,3,C00134|C00315|C00750,C03150|C00009,C00620|C00080|C00153,YLR017W|YLR209C,2,1,1,3
EC_2.4.2.8,3,C00009|C00033|C00144,C00262|C00119,C00013|C00130,YDR399W|YDR399W,2,0,2,4
EC_2.7.1.105,3,C00002|C00022|C00031,C00002|C05345,C00008|C00665|C00080,YIL107C|YOL136C|YLR345W,2,0,2,2
EC_2.7.1.108,3,C00157|C00350|C00381,C00063|C00381|C00080,C00112|C00110,YMR013C,1,0,1,4
EC_2.7.1.2,3,C00020|C00022|C00085,C00002|C00031,C00008|C00092|C00080,YLR446W|YCL040W|YFR053C|YGL253W|YDR516C,1,1,3,1
EC_2.7.1.33,3,C00010|C00187|C00229,C00864|C00002,C03492|C00008|C00080,YDR531W,1,0,3,5
EC_2.7.1.36,3,C00009|C00075|C00097,C00418|C00075,C01107|C00080|C00015,YMR208W|YMR208W|YMR208W|YMR208W,4,0,3,4
EC_2.7.1.67,3,C00051|C00315|C00750,C00002|C00080,C00008,YJL100W|YLR305C|YJL100W|YLR305C|YJL100W|YLR305C|YJL100W|YLR305C|YJL100W|YLR305C|YJL100W|YLR305C|YJL100W|YLR305C|YJL100W|YLR305C|YJL100W|YJL100W|YJL100W|YJL100W|YJL100W|YJL100W|YJL100W|YJL100W|YDR373W|YNL267W|YDR373W|YNL267W|YDR373W|YNL267W|YDR373W|YNL267W|YDR373W|YNL267W|YDR373W|YNL267W|YDR373W|YNL267W|YDR373W|YNL267W|YNL267W|YNL267W|YNL267W|YNL267W|YNL267W|YNL267W|YNL267W|YNL267W,32,0,1,5
EC_2.7.2.3,3,C00033|C00059|C00236,C00236|C00197|C00008|C00002,C00236|C00197|C00008|C00002,YCR012W,1,1,2,4
EC_2.7.2.8,3,C00002|C00026|C00062,C00080|C04133|C00005,C01250|C00006|C00009,YER069W|YER069W,2,1,3,5
EC_2.7.4.24,3,C00089|C00794|C01272,C11526|C00001,C00080|C01204|C00009,YLR410W|YOR163W|YLR410W|YLR410W|YLR410W|YOR163W,4,0,2,10
EC_2.7.7.12,3,C00051|C00097|C00124,C00446|C00103|C00052|C00029,C00446|C00103|C00052|C00029,YBR018C|YBR018C,2,0,2,3
EC_2.7.7.2,3,C00002|C00051|C00063,C00002|C00061|C00080,C00013|C00016,YDL045C,1,0,2,5
EC_3.1.1.5,3,C00116|C00132|C00469,C00001,C00080|C00712|C01225,YML059C|YML059C|YML059C|YML059C|YML059C|YML059C|YML059C|YML059C|YML059C|YML059C|YML059C|YML059C|YMR008C|YMR008C|YMR008C|YMR008C|YMR008C|YMR008C|YMR008C|YMR008C|YMR008C|YMR008C|YMR008C|YMR008C|YMR006C|YMR008C|YMR006C|YMR008C|YMR006C|YMR008C|YMR006C|YMR008C|YMR006C|YMR008C|YMR006C|YMR008C|YMR006C|YMR008C|YMR006C|YMR008C|YMR006C|YMR008C|YMR006C|YMR008C|YMR006C|YMR008C|YMR006C|YMR008C|YMR006C|YOL011W|YMR006C|YOL011W|YMR006C|YOL011W|YMR006C|YOL011W|YMR006C|YOL011W|YMR006C|YOL011W|YMR006C|YOL011W|YMR006C|YOL011W|YMR006C|YOL011W|YMR006C|YOL011W|YMR006C|YOL011W|YMR006C|YOL011W|YOL011W|YOL011W|YOL011W|YOL011W|YOL011W|YOL011W|YOL011W|YOL011W|YOL011W|YOL011W|YOL011W|YOL011W,60,0,1,5
EC_3.1.3.19,3,C00051|C00097|C00135,C00001|C02979,C00116|C00009,,1,0,1,4
EC_3.1.7.6,3,C00002|C00129|C03360,C00448|C00001,C00013|C01126,YDR481C|YDR481C,2,0,1,5
EC_3.3.2.6,3,C00698|C00909|C01755,C00001|C00909|C02165,C00001|C00909|C02165,YNL045W|YNL045W|YNL045W|YNL045W|YNL045W|YNL045W,6,0,1,NA
EC_3.4.19.13,3,C00238|C14819|C19610,C00051|C00041,C01419|C03738,YLR299W,1,0,0,4
EC_4.1.1.23,3,C00093|C00106|C01103,C00080|C01103,C00011|C00105,YEL021W,1,1,2,5
EC_4.1.3.27,3,C00078|C00254|C00794,C01302|C00080,C03506|C00011|C00001,YER090W|YKL211C|YKL211C,2,1,3,4
EC_6.1.1.12,3,C00134|C00315|C00750,C00002|C00049|C01638,C00020|C02984|C00013,YLL018C|YPL104W,2,1,3,5
EC_6.1.1.18,3,C00134|C00315|C00750,C00002|C00064|C01640,C00020|C00013|C02282,YOR168W,1,1,3,4
EC_6.1.1.19,3,C00315|C00750|C00986,C00002|C00062|C01636,C00020|C02163|C00013,YDR341C|YHR091C,2,1,3,6
EC_6.2.1.3,3,C00157|C00350|C02737,C00020|C00002|C00010|C00013|C00163|C00100,C00020|C00002|C00010|C00013|C00163|C00100,YER015W|YER015W|YER015W|YER015W|YER015W|YOR317W|YMR246W|YOR317W|YMR246W|YOR317W|YMR246W|YOR317W|YMR246W|YOR317W|YMR246W|YOR317W|YOR317W|YMR246W|YOR317W|YMR246W|YOR317W|YMR246W|YOR317W|YMR246W|YOR317W|YMR246W|YOR317W|YER015W|YER015W|YER015W|YIL009W|YIL009W|YIL009W|YIL009W|YOR317W|YER015W|YMR246W|YIL009W|YOR317W|YER015W|YIL009W|YMR246W,26,0,4,4
EC_6.3.4.14,3,C00024|C00120|C00469,C00024|C00002|C00288,C00008|C00080|C00083|C00009,YMR207C|YDL141W|YNR016C,2,1,4,4
EC_6.3.4.21,3,C00002|C00051|C00536,C00002|C00080|C00253|C00119,C00008|C00013|C01185|C00009,YOR209C|YOR209C,2,1,4,4
EC_1.1.1.14,2,C00097|C00794,C00080|C00247|C00003|C00004|C01507,C00080|C00247|C00003|C00004|C01507,YDL246C|YJR159W|YJR159W|YDL246C,3,0,3,2
EC_1.1.1.303,2,C00305|C19610,C00080|C00003|C00810|C00741|C00004,C00080|C00003|C00810|C00741|C00004,YAL061W|YAL061W,2,0,3,5
EC_1.1.1.87,2,C00288|C00322,C05662|C00003,C00322|C00011|C00004,YIL094C,1,1,3,6
EC_1.1.2.4,2,C00149|C00256,C00256|C00125,C00126|C00022,YDL174C|YEL039C|YDL174C|YJR048W|YEL039C|YEL071W|YEL071W|YJR048W|YDL178W|YEL039C|YDL178W|YJR048W,2,0,1,4
EC_1.11.1.9,2,C00051|C00097,C00051|C00027,C00127|C00001,YNL229C|YBR244W|YCL035C|YDR513W|YIR037W|YKL026C,1,0,1,4
EC_1.14.19.1,2,C00017|C00412,C00080|C00412|C00007|C00004,C00001|C00003|C00510,YGL055W|YGL055W,2,0,3,4
EC_1.15.1.1,2,C00086|C00116,C00080|C00704,C00027|C00007,YHR008C|YJR104C,2,0,2,5
EC_1.2.1.31,2,C00002|C00097,C00002|C00080|C00956|C00005,C00020|C00013|C04076|C00006,YBR115C|YGL154C,1,0,4,5
EC_1.2.1.5,2,C00027|C00469,C00080|C00001|C00003|C00004|C00479|C00163,C00080|C00001|C00003|C00004|C00479|C00163,YOR374W|YER073W|YOR374W|YOR374W|YER073W|YOR374W|YOR374W|YMR170C|YMR169C|YOR374W,6,0,4,3
EC_1.3.1.6,2,C00037|C00135,C00122|C00080|C00004,C00003|C00042,YEL047C|YEL047C|YEL047C|YJR051W,4,0,2,4
EC_1.3.1.70,2,C00157|C00865,C11455|C00080|C00005,C05108|C00006,YNL280C,1,1,2,6
EC_1.3.3.6,2,C00010|C00163,C00007,C00027,YGL205W|YGL205W|YGL205W|YGL205W|YGL205W|YGL205W|YGL205W|YGL205W|YGL205W|YGL205W|YGL205W|YGL205W|YGL205W|YGL205W|YGL205W|YGL205W|YGL205W|YGL205W,18,0,1,5
EC_1.5.1.20,2,C00019|C00155,C00143|C00080|C00005,C00440|C00006,YGL125W|YPL023C,1,1,2,5
EC_1.5.1.3,2,C00086|C00698,C00415|C00080|C00005,C00006|C00101,YOR236W|YOR236W,2,1,2,5
EC_2.1.1.17,2,C00097|C00469,C00019,C00080|C00021,YGR157W|YJR073C|YGR157W|YJR073C|YGR157W|YJR073C|YGR157W|YJR073C|YGR157W|YJR073C|YGR157W|YJR073C|YGR157W|YJR073C|YGR157W|YJR073C|YJR073C|YJR073C|YJR073C|YJR073C|YJR073C|YJR073C|YJR073C|YJR073C|YJR073C|YJR073C|YJR073C|YJR073C|YJR073C|YJR073C|YJR073C|YJR073C,24,0,2,6
EC_2.3.1.16,2,C00002|C00004,C00010,C00024|C02944,YIL160C|YIL160C|YIL160C|YIL160C|YIL160C|YIL160C|YIL160C|YIL160C|YIL160C|YIL160C|YIL160C|YIL160C|YIL160C|YIL160C|YIL160C|YIL160C|YIL160C|YIL160C,18,0,1,5
EC_2.3.3.10,2,C00059|C00698,C00332|C00024|C00001,C00356|C00010|C00080,YML126C|YML126C,2,1,3,4
EC_2.3.3.14,2,C00002|C00047,C00026|C00024|C00001,C00010|C00080|C01251,YDL131W|YDL182W|YDL131W|YDL182W,2,1,3,4
EC_2.4.1.109,2,C00157|C01194,C03862,C00110|C00464,YAL023C|YDL095W|YDL093W|YJR143C|YOR321W,1,1,2,3
EC_2.5.1.19,2,C00059|C00698,C00002|C00493,C03175|C00008|C00080,YDR127W|YDR127W|YDR127W|YDR127W|YDR127W,5,1,3,4
EC_2.5.1.39,2,C00350|C00865,C00156|C01230,C13425|C00013,YNR041C,1,1,1,5
EC_2.5.1.49,2,C00018|C02291,C00283|C01077,C00033|C00155,YLR303W|YLR303W|YLR303W,3,0,2,4
EC_2.5.1.9,2,C00741|C06809,C04332|C00080,C04732|C00255,YBR256C,1,1,2,5
EC_2.6.1.1,2,C00469|C02341,C00026|C00097|C00025|C00957,C00026|C00097|C00025|C00957,YLR027C|YKL106W|YLR027C|YLR027C|YKL106W|YLR027C|YLR027C,8,1,3,4
EC_2.6.1.85,2,C00064|C00251,C00251|C00064,C11355|C00025,YNR033W,1,1,2,4
EC_2.7.1.26,2,C00009|C00059,C00002|C00255,C00008|C00061|C00080,YDR236C|YDR236C,2,1,2,5
EC_2.7.1.35,2,C00003|C00009,C00002|C00314,C00008|C00080|C00627,YEL029C,1,0,2,5
EC_2.7.1.6,2,C00051|C00097,C00002|C00124,C00008|C00446|C00080,YBR020W,1,0,2,4
EC_2.7.1.82,2,C00051|C00097,C00002|C00189,C00008|C00080|C00346,YDR147W|YLR133W,1,0,2,5
EC_2.7.6.1,2,C00009|C00059,C00002|C03736,C00020|C00080|C00119,YKL181W|YER099C|YKL181W|YHL011C|YKL181W|YBL068W|YER099C|YOL061W|YBL068W|YOL061W,1,0,3,3
EC_2.7.7.23,2,C00051|C00352,C00013|C00080|C04501|C00043|C00075,C00013|C00080|C04501|C00043|C00075,YDL103C,1,0,3,3
EC_2.8.1.7,2,C00018|C00022,C00041|C00097,C00041|C00097,YCL017C,1,0,2,5
EC_3.1.1.23,2,C00025|C00469,C00001,C00080|C00712|C00116,YKL094W|YKL094W|YKL094W|YKL094W,4,0,1,4
EC_3.1.2.6,2,C00038|C00954,C03451|C00001,C00256|C00051|C00080,YDR272W|YOR040W,2,1,1,3
EC_3.1.3.37,2,C00342|C00447,C00001|C00447,C00009|C05382,YKR043C,1,0,1,3
EC_3.1.4.53,2,C00575|C00942,C00941|C00001,C00055|C00080,YGL248W|YOR360C|YOR360C|YOR360C|YOR360C|YOR360C,5,0,2,4
EC_3.2.1.113,2,C00157|C00350,C00001|C00159,C00001|C00159,YJR131W|YLR057W|YJR131W|YLR057W,2,0,1,NA
EC_3.4.11.22,2,C00132|C00469,C00001|C00123|C00041,C00001|C00123|C00041,YKL103C|YKL103C,2,0,3,5
EC_3.5.4.16,2,C00027|C00079,C00044|C00001,C04895|C00058|C00080,YGR267C,1,1,3,4
EC_3.5.4.9,2,C00008|C00009,C00445|C00143|C00006|C00005,C00445|C00143|C00006|C00005,YGR204W|YBR084W|YBR084W|YGR204W|YGR204W|YBR084W,6,1,3,4
EC_3.6.1.43,2,C00009|C00013,C00110|C00080|C00001|C00009|C00621,C00110|C00080|C00001|C00009|C00621,YGR036C,1,0,4,3
EC_3.7.1.3,2,C00018|C00647,C00001|C00328,C00108|C00080|C00041,YLR231C|YLR231C,2,1,3,5
EC_4.2.1.11,2,C00009|C00288,C00631|C00001|C00074,C00631|C00001|C00074,YPL281C|YGR254W|YHR174W|YMR323W|YOR393W,1,0,2,4
EC_4.2.1.19,2,C00097|C01678,C04666,C01267|C00001,YOR202W,1,1,2,5
EC_4.2.1.24,2,C00025|C00031,C00430,C00080|C00001|C00931,YGL040C,1,1,3,7
EC_4.3.1.16,2,C00008|C00020,C01342|C00036|C11511,C01342|C00036|C11511,YKL218C,1,0,1,5
EC_4.3.1.17,2,C00002|C00123,C00188,C00109|C01342,YCL064C|YCL064C,2,1,2,4
EC_5.4.2.11,2,C00011|C00988,C00631|C00197,C00631|C00197,YKL152C|YOR283W|YKL152C,2,0,0,4
EC_5.4.2.8,2,C00130|C00135,C00636|C00275,C00636|C00275,YFL045C,1,1,2,2
EC_6.1.1.2,2,C00032|C00038,C00002|C00078|C01652,C00020|C00013|C03512,YOL097C|YDR268W,2,0,3,4
EC_6.2.1.1,2,C00033|C00051,C00033|C00002|C00010,C00024|C00020|C00013,YAL054C|YLR153C|YAL054C|YLR153C,3,0,3,3
EC_6.2.1.5,2,C00009|C00051,C00008|C00009|C00091,C00002|C00010|C00042,YGR244C|YOR142W|YGR244C|YOR142W,2,0,3,5
EC_6.3.5.4,2,C00116|C00392,C00002|C00001|C00049|C00064,C00020|C00013|C00080|C00152|C00025,YGR124W|YPR145W,1,1,5,4
EC_1.1.1.11,1,C01904,C00003|C01904,C00310|C00080|C00004,,1,0,2,4
EC_1.1.1.169,1,C00058,C00966|C00080|C00005,C00522|C00006,YHR063C,1,1,2,5
EC_1.1.1.34,1,C06424,C00356|C00080|C00005,C00418|C00010|C00006,YLR450W|YML075C,1,1,3,5
EC_1.1.1.4,1,C00007,C00810|C03044|C00080|C00003|C00004,C00810|C03044|C00080|C00003|C00004,YAL060W,1,0,3,4
EC_1.1.1.86,1,C00072,C06006|C00080|C00005,C06007|C00006,YLR355C|YLR355C,2,1,2,5
EC_1.11.1.5,1,C00027,C00126|C00027,C00125|C00001,YEL039C|YKR066C|YJR048W|YKR066C,1,0,1,5
EC_1.13.11.19,1,C00087,C00007|C01678,C00080|C00519,,1,0,1,5
EC_1.14.12.17,1,C00072,C00005|C00007|C00533,C00080|C00006|C00244,YGR234W|YGR234W,2,0,2,NA
EC_1.16.1.7,1,C14818,C00080|C14818|C00006|C00005|C14819,C00080|C14818|C00006|C00005|C14819,YLR047C|YKL220C|YLR214W|YNR060W|YOL152W|YOR381W|YOR384W|YLL051C,2,0,4,6
EC_1.2.1.4,1,C00469,C00001|C00637|C00006,C00080|C00954|C00005,YPL061W|YPL061W,2,0,2,4
EC_1.2.1.41,1,C00009,C00080|C03287|C00005,C01165|C00006|C00009,YOR323C,1,0,3,8
EC_1.2.1.88,1,C00624,C05947|C00080|C00001|C05938|C00003|C00004,C05947|C00080|C00001|C05938|C00003|C00004,YHR037W|YHR037W|YHR037W,3,0,4,5
EC_1.4.4.2,1,C00051,C00445|C00001,C03479|C00080,YAL044C|YDR019C|YFL018C|YMR189W|YAL044C|YDR019C|YFL018C|YMR189W|YAL044C|YDR019C|YFL018C|YMR189W|YDR148C|YFL018C|YIL125W|YAL044C|YDR019C|YFL018C|YMR189W|YAL044C|YDR019C|YFL018C|YMR189W|YAL044C|YDR019C|YFL018C|YMR189W|YAL044C|YDR019C|YFL018C|YMR189W|YAL044C|YDR019C|YFL018C|YMR189W,8,0,1,5
EC_1.6.2.2,1,C00750,C00080|C00003|C00004|C00996|C00999,C00080|C00003|C00004|C00996|C00999,YIL043C|YML125C|YIL043C|YKL150W|YML125C,2,0,3,8
EC_1.8.2.2,1,C00698,C00125|C00126|C02084|C00320,C00125|C00126|C02084|C00320,,1,0,0,5
EC_1.8.5.1,1,C00027,C00051|C05422|C00127|C00072,C00051|C05422|C00127|C00072,YKR076W|YGR154C,2,0,0,3
EC_2.1.1.41,1,C00051,C00019|C05437,C04525|C00080|C00021,YML008C,1,1,2,5
EC_2.1.1.45,1,C00002,C00143|C00365,C00415|C00364,YOR074C,1,1,2,5
EC_2.3.1.1,1,C00062,C00025|C00437,C00624|C01602,YJL071W|YMR062C|YMR062C,2,1,2,4
EC_2.3.1.199,1,C00005,C00083|C00080|C16529,C00011|C00010,YJL196C|YJL196C|YCR034W|YCR034W|YLR372W|YCR034W|YLR372W|YCR034W|YLR372W|YLR372W,7,0,2,4
EC_2.3.1.35,1,C00062,C00025|C00437,C00624|C01602,YJL071W|YMR062C|YMR062C,2,0,2,4
EC_2.3.1.41,1,C00009,C01209|C00080|C05749,C00011|C00229|C05750,YER061C|YKL192C|YER061C|YKL192C|YER061C|YKL192C,3,0,1,5
EC_2.3.1.61,1,C00002,C00026|C00080|C00248,C00011|C01169,YAL044C|YDR019C|YFL018C|YMR189W|YDR148C|YFL018C|YIL125W|YDR148C|YFL018C|YIL125W|YFR049W|YDR148C|YFL018C|YIL125W|YDR148C|YFL018C|YIL125W|YFR049W|YDR148C|YFL018C|YIL125W,3,0,1,5
EC_2.3.1.84,1,C00305,C00024|C05979,C00010,YGR177C|YOR377W|YGR177C|YOR377W|YGR177C|YOR377W|YGR177C|YOR377W|YGR177C|YOR377W|YBR177C|YPL095C|YBR177C|YPL095C|YBR177C|YPL095C|YGR177C|YOR377W|YGR015C|YBR177C|YPL095C|YBR177C|YPL095C|YGR177C|YOR377W|YGR015C|YGR177C|YOR377W|YGR015C|YGR177C|YOR377W|YGR015C,14,0,1,3
EC_2.3.1.9,1,C00305,C00332|C00024|C00010,C00332|C00024|C00010,YPL028W|YPL028W,2,0,2,3
EC_2.4.1.117,1,C00865,C00110|C00080|C00015|C01246|C00029,C00110|C00080|C00015|C01246|C00029,YPL227C,1,0,4,3
EC_2.4.1.25,1,C01835,C00182|C00001,C00031,YPR184W,1,0,1,2
EC_2.4.2.1,1,C00294,C00330|C00242|C00009|C00672,C00330|C00242|C00009|C00672,YLR209C|YLR209C|YLR209C|YLR209C|YLR209C|YLR209C,6,0,1,3
EC_2.4.2.17,1,C00002,C00002|C00119,C02739|C00013,YER055C,1,1,2,4
EC_2.4.2.19,1,C00116,C00080|C00119|C03722,C00011|C00013|C01185,YFR047C|YFR047C,2,1,3,4
EC_2.5.1.16,1,C00116,C01137|C01672,C00170|C00080|C16565,YPR069C|YPR069C|YLR146C,2,0,2,4
EC_2.5.1.18,1,C00027,C00051|C05422|C00127|C00072,C00051|C05422|C00127|C00072,YIR038C|YMR251W|YKR076W|YLL060C|YGR154C|YKR076W|YGR154C,6,0,0,3
EC_2.5.1.21,1,C00005,C00448|C00080|C00005,C00013|C00006|C00751,YHR190W,1,0,3,6
EC_2.5.1.22,1,C00116,C01137|C00315,C00170|C00080|C00750,YLR146C,1,1,3,4
EC_2.5.1.48,1,C00188,C00283|C00155|C01118|C00042,C00283|C00155|C01118|C00042,YJR130C|YLL058W|YML082W|YJR130C|YLL058W|YML082W,3,0,3,4
EC_2.6.1.13,1,C00018,C00026|C01602,C00025|C01165,YLR438W,1,1,2,6
EC_2.6.1.19,1,C00334,C00026|C00099|C00025|C00222,C00026|C00099|C00025|C00222,YGR019W,2,0,3,4
EC_2.6.1.42,1,C00051,C00109|C00026|C00025,C00109|C00026|C00025,YJR148W|YHR208W|YJR148W|YHR208W|YJR148W|YHR208W,9,1,3,3
EC_2.6.1.57,1,C00026,C01179|C00041|C00082|C00022,C01179|C00041|C00082|C00022,YER152C|YGL202W|YJL060W|YGL202W|YGL202W|YGL202W|YHR137W|YHR137W,6,1,4,4
EC_2.6.1.58,1,C00018,C00166|C00041|C00079|C00022,C00166|C00041|C00079|C00022,YHR137W,1,1,4,4
EC_2.7.1.12,1,C00257,C00345|C00008|C00002|C00080|C00257,C00345|C00008|C00002|C00080|C00257,YDR248C,1,0,3,3
EC_2.7.1.15,1,C00009,C00002|C00121,C00008|C00080|C03736,YCR036W|YCR036W,2,0,3,3
EC_2.7.1.151,1,C00954,C01245|C00002,C01272|C00008|C00080,YDR173C|YDR173C|YDR173C|YDR173C,4,0,2,7
EC_2.7.1.24,1,C00097,C00882|C00002,C00008|C00010|C00080,YDR196C,1,0,3,7
EC_2.7.1.39,1,C00097,C00002|C00263,C00008|C00080|C01102,YHR025W,1,0,3,6
EC_2.7.1.86,1,C00033,C00002|C00004,C00008|C00080|C00005,YEL041W|YJR049C|YEL041W|YJR049C|YPL188W|YEL041W|YJR049C|YEL041W|YJR049C|YPL188W,4,0,3,NA
EC_2.7.2.11,1,C00148,C00002|C00025,C00008|C03287,YDR300C,1,0,1,9
EC_2.7.6.2,1,C00137,C00002|C00068,C00008|C03028,YOR143C|YOR143C,2,1,1,6
EC_2.7.7.1,1,C00059,C00002|C00080|C01185,C00857|C00013,YCL047C|YLR328W|YGR010W|YLR328W|YGR010W|YLR328W,3,1,2,5
EC_2.7.7.13,1,C00305,C00636|C00044|C00080,C00013|C00096,YDL055C,1,1,2,3
EC_2.7.7.3,1,C00097,C00002|C00080|C01134,C00882|C00013,YGR277C,1,1,1,6
EC_2.7.8.7,1,C00010,C00002|C00080|C00956|C00005,C00020|C00013|C04076|C00006,YPL148C|YBR115C|YGL154C,2,1,4,5
EC_2.7.8.8,1,C00350,C00065,C00080|C00055,YER026C|YER026C|YER026C|YER026C|YER026C|YER026C|YER026C|YER026C,8,1,2,5
EC_2.8.1.2,1,C00342,C00283|C00022|C00342|C00343|C00957,C00283|C00022|C00342|C00343|C00957,YOR251C,1,0,4,4
EC_3.1.1.96,1,C00315,C00080|C00001|C00787|C06420,C00080|C00001|C00787|C06420,YDL219W|YDL219W,2,0,3,4
EC_3.1.3.15,1,C00860,C00001|C01100,C00860|C00009,YFR025C,1,1,2,6
EC_3.1.3.18,1,C00698,C00001|C00988,C00009|C00160,,1,0,1,5
EC_3.1.3.25,1,C19610,C01177|C00001,C00137|C00009,YDR287W|YHR046C,1,0,2,3
EC_3.1.3.27,1,C00712,C00001,C00080|C00009,YHR100C|YHR100C|YHR100C|YHR100C|YHR100C|YHR100C,6,0,2,5
EC_3.1.3.3,1,C00089,C00001|C00009|C00740|C02532,C00001|C00009|C00740|C02532,YGR208W,2,0,2,4
EC_3.1.3.41,1,C00002,C00080|C00001|C00009|C03360|C00870,C00080|C00001|C00009|C03360|C00870,YDL236W,1,0,3,NA
EC_3.1.3.64,1,C02737,C00001,C00080|C00009,YJR110W|YNL106C|YOR109W|YJR110W|YNL106C|YOR109W|YJR110W|YNL106C|YOR109W|YJR110W|YNL106C|YOR109W|YJR110W|YNL106C|YOR109W|YJR110W|YNL106C|YOR109W|YJR110W|YNL106C|YOR109W|YJR110W|YNL106C|YOR109W,8,0,2,5
EC_3.1.3.7,1,C00238,C00054|C00001,C00020|C00009,YOL064C,1,0,2,6
EC_3.1.4.37,1,C00469,C00001|C06194,C00080,YGR247W|YGR247W|YGR247W|YGR247W,4,0,1,5
EC_3.1.4.46,1,C00009,C00001|C00670,C00114|C00093|C00080,YPL110C,1,0,1,5
EC_3.12.1.1,1,C00059,C00001|C00059|C00320|C01861,C00001|C00059|C00320|C01861,,1,0,2,5
EC_3.2.1.33,1,C00182,C00182|C00001,C00031,YPR184W,1,0,1,2
EC_3.2.1.6,1,C00062,C00965|C00001,C00031,YDR261C|YGR282C|YLR300W|YNR067C|YOR190W,1,0,1,1
EC_3.5.1.3,1,C00132,C00026|C01342|C00001|C00940,C00026|C01342|C00001|C00940,YLR351C,1,0,3,NA
EC_3.5.1.41,1,C00033,C00461|C00001,C00033|C00734|C00080,YLR307W|YLR308W,1,0,2,4
EC_3.5.1.89,1,C00305,C04248|C01288|C00033|C00080|C00001,C04248|C01288|C00033|C00080|C00001,YMR281W,1,0,3,4
EC_3.5.2.9,1,C00064,C00002|C00001|C01879,C00008|C00080|C00025|C00009,YKL215C,1,0,4,5
EC_3.6.1.10,1,C00008,C00080|C00001|C00404|C00009,C00080|C00001|C00404|C00009,YHR201C|YDR452W|YDR452W|YHR201C|YDR452W|YHR201C|YDR452W|YHR201C|YDR452W,5,0,3,4
EC_3.6.1.13,1,C00533,C00020|C00080|C00001|C00301|C00117,C00020|C00080|C00001|C00301|C00117,YBR111C,1,0,3,7
EC_3.6.1.22,1,C00086,C00001|C00857,C00020|C00080|C01185,YGL067W|YGL067W,2,1,3,7
EC_4.1.1.33,1,C00002,C01143|C00002,C00008|C00011|C00129|C00009,YNR043W,1,1,4,5
EC_4.1.1.37,1,C00051,C00080|C01051,C00011|C03263,YDR047W,1,1,2,7
EC_4.1.1.65,1,C00022,,C00011,YNL169C|YNL169C|YNL169C|YNL169C|YNL169C|YNL169C|YNL169C|YNL169C|YGR170W|YGR170W|YGR170W|YGR170W|YGR170W|YGR170W|YGR170W|YGR170W|YGR170W|YGR170W|YGR170W|YGR170W|YGR170W|YGR170W|YGR170W|YGR170W,24,1,1,7
EC_4.1.3.17,1,C00009,C00080|C00036,C00011|C00022,YER010C|YER010C,2,0,2,4
EC_4.1.3.30,1,C00051,C04593,C00022|C00042,YER065C|YPR006C,2,1,2,4
EC_4.2.1.3,1,C00097,C00417|C00001|C00311,C00417|C00001|C00311,YLR304C|YLR304C|YLR304C|YLR304C,4,0,1,5
EC_4.2.1.79,1,C00163,C04593|C02225,C04593|C02225,YPR002W,1,0,0,5
EC_4.2.1.96,1,C00116,C00001|C15522|C00268,C00001|C15522|C00268,YHL018W,1,0,1,NA
EC_4.2.3.1,1,C00019,C00001|C01102,C00188|C00009,YCR053W|YCR053W,2,1,2,5
EC_4.2.3.4,1,C00003,C00002|C00493,C03175|C00008|C00080,YDR127W|YDR127W|YDR127W|YDR127W|YDR127W,5,1,3,4
EC_4.3.2.1,1,C00044,C03406|C00122|C00062,C03406|C00122|C00062,YHR018C,1,1,3,5
EC_4.3.2.3,1,C00152,C05241,C00048|C00086,YIR032C|YIR032C,2,0,0,4
EC_4.4.1.1,1,C00097,C00080|C02291|C00097|C01118|C00042,C00080|C02291|C00097|C01118|C00042,YAL012W|YLL058W|YML082W|YAL012W,2,0,3,4
EC_5.1.3.1,1,C00038,C00199|C00231,C00199|C00231,YJL121C,1,0,2,3
EC_5.2.1.2,1,C00051,C01036,C01061,,1,0,0,6
EC_5.3.1.9,1,C00038,C00085|C00092,C00085|C00092,YBR196C,1,0,2,2
EC_5.4.2.3,1,C00097,C06156|C00352,C06156|C00352,YEL058W|YEL058W,2,0,0,2
EC_5.4.2.7,1,C00097,C00620|C03736,C00620|C03736,YKL127W|YMR105C|YMR278W,1,1,1,3
EC_5.5.1.4,1,C00469,C00092,C01177,YJL153C,1,1,1,2
EC_6.1.1.11,1,C01650,C00002|C00065|C01650,C00020|C00013|C02553,YDR023W|YHR011W,1,0,3,5
EC_6.1.1.16,1,C00073,C00002|C00097|C01639,C00020|C03125|C00013,YNL247W,1,1,3,4
EC_6.1.1.22,1,C00469,C00002|C00152|C01637,C00020|C03402|C00013,YHR019C|YCR024C,2,1,3,5
EC_6.1.1.3,1,C00750,C00002|C00188|C01651,C00020|C00013|C02992,YIL078W|YKL194C,2,0,3,5
EC_6.1.1.5,1,C00315,C00002|C00407|C01644,C00020|C00013|C03127,YBL076C|YPL040C,2,0,3,4
EC_6.1.1.6,1,C00020,C00002|C00047|C01646,C00020|C00013|C01931,YDR037W|YNL073W,2,0,3,6
EC_6.1.1.7,1,C00750,C00002|C00041|C01635,C00886|C00020|C00013,YOR335C,1,1,3,5
EC_6.1.1.9,1,C00750,C00002|C00183|C01653,C00020|C00013|C02554,YGR094W|YGR094W,2,0,3,4
EC_6.3.1.20,1,C00002,C00002|C16241|C16240,C00020|C00013|C16237,YJL046W|YJL046W,2,0,2,NA
EC_6.3.4.3,1,C00750,C00445|C00143|C00006|C00005,C00445|C00143|C00006|C00005,YGR204W|YBR084W|YBR084W|YGR204W|YGR204W|YBR084W,6,1,3,4
EC_6.3.4.4,1,C00020,C00044|C00130|C00049,C03794|C00035|C00080|C00009,YNL220W,1,1,4,4
EC_6.3.4.6,1,C00002,C00002|C00288|C00086,C00008|C00080|C00009|C01010,YBR208C|YBR208C,2,0,3,5
EC_6.3.5.1,1,C00857,C00020|C00002|C00857|C00013|C00080|C00001|C00025|C00064|C00003,C00020|C00002|C00857|C00013|C00080|C00001|C00025|C00064|C00003,YHR074W|YHR074W,2,0,9,4